﻿<?xml version="1.0" encoding="UTF-8"?>

<!-- ################ -->
<!-- # LME WEC Config -->
<!-- # Version 1.0 ## -->
<!-- #################-->

<Subscription xmlns="http://schemas.microsoft.com/2006/03/windows/events/subscription">
  <SubscriptionId>lme</SubscriptionId>
  <SubscriptionType>SourceInitiated</SubscriptionType>
  <Description>Logging Made Easy</Description>
  <Enabled>true</Enabled>
  <Uri>http://schemas.microsoft.com/wbem/wsman/1/windows/EventLog</Uri>
  <ConfigurationMode>Custom</ConfigurationMode>
  <Delivery Mode="Push">
    <Batching>
      <MaxLatencyTime>900000</MaxLatencyTime>
    </Batching>
    <PushSettings>
      <Heartbeat Interval="900000" />
    </PushSettings>
  </Delivery>
  <Query>
    <![CDATA[


<QueryList>
  <Query Id="0" Path="System">
    <!-- Anti-malware *old* events, but only detect events (cuts down noise) -->
    <Select Path="System">*[System[Provider[@Name='Microsoft Antimalware'] and (EventID &gt;= 1116 and EventID &lt;= 1119)]]</Select>
  </Query>
  <!-- AppLocker EXE events or Script events -->
  <Query Id="1" Path="Microsoft-Windows-AppLocker/EXE and DLL">
    <Select Path="Microsoft-Windows-AppLocker/EXE and DLL">*[UserData[RuleAndFileData[PolicyName="EXE"]]]</Select>
    <Select Path="Microsoft-Windows-AppLocker/MSI and Script">*</Select>
  </Query>
  <Query Id="2" Path="Security">
    <!-- Wireless Lan 802.1x authentication events with Peer MAC address -->
    <Select Path="Security">*[System[(EventID=5632)]]</Select>
  </Query>
  <Query Id="3" Path="Microsoft-Windows-TaskScheduler/Operational">
    <!-- Task scheduler Task Registered (106),  Task Registration Deleted (141), Task Deleted (142) -->
    <Select Path="Microsoft-Windows-TaskScheduler/Operational">*[System[Provider[@Name='Microsoft-Windows-TaskScheduler'] and (EventID=106 or EventID=141 or EventID=142 )]]</Select>
    <Select Path="System">*[System[Provider[@Name='Microsoft-Windows-TaskScheduler'] and (EventID=106 or EventID=141 or EventID=142 )]]</Select>
  </Query>
  <Query Id="4" Path="System">
    <!-- System startup (12 - includes OS/SP/Version) and shutdown -->
    <Select Path="System">*[System[Provider[@Name='Microsoft-Windows-Kernel-General'] and (EventID=12 or EventID=13)]]</Select>
  </Query>
  <Query Id="5" Path="System">
    <!-- Service start failure (7000), service Install (7045), new service (4697) -->
    <Select Path="System">*[System[Provider[@Name='Service Control Manager'] and (EventID = 7000 or EventID=7045)]]</Select>
<Select Path="Security">*[System[(EventID=4697)]]</Select>
  </Query>
  <Query Id="6" Path="Security">
    <!-- TS Session reconnect (4778), TS Session disconnect (4779) -->
    <Select Path="Security">*[System[(EventID=4778 or EventID=4779)]]</Select>
  </Query>
  <Query Id="7" Path="Security">
    <!-- Network share object access without IPC$ and Netlogon shares -->
    <Select Path="Security">*[System[(EventID=5140)]] and (*[EventData[Data[@Name="ShareName"]!="\\*\IPC$"]]) and (*[EventData[Data[@Name="ShareName"]!="\\*\NetLogon"]])</Select>
  </Query>
  <Query Id="8" Path="Security">
    <!-- System Time Change (4616)  -->
    <Select Path="Security">*[System[(EventID=4616)]]</Select>
  </Query>
  <Query Id="9" Path="System">
    <!-- Shutdown initiate requests, with user, process and reason (if supplied) -->
    <Select Path="System">*[System[Provider[@Name='USER32'] and (EventID=1074)]]</Select>
  </Query>
  <!-- AppLocker packaged (Modern UI) app execution -->
  <Query Id="10" Path="Microsoft-Windows-AppLocker/Packaged app-Execution">
    <Select Path="Microsoft-Windows-AppLocker/Packaged app-Execution">*</Select>
  </Query>
  <!-- AppLocker packaged (Modern UI) app installation -->
  <Query Id="11" Path="Microsoft-Windows-AppLocker/Packaged app-Deployment">
    <Select Path="Microsoft-Windows-AppLocker/Packaged app-Deployment">*</Select>
  </Query>
  <Query Id="12" Path="Application">
    <!-- EMET events -->
    <Select Path="Application">*[System[Provider[@Name='EMET']]]</Select>
  </Query>
  <Query Id="13" Path="System">
    <!-- Event log service events -->
    <Select Path="System">*[System[Provider[@Name='Microsoft-Windows-Eventlog']]]</Select>
  </Query>
  <Query Id="14" Path="Security">
    <!-- Local logons without network or service events -->
    <Select Path="Security">*[System[(EventID=4624)]] and (*[EventData[Data[@Name="LogonType"]!="3"]]) and (*[EventData[Data[@Name="LogonType"]!="5"]])</Select>
  </Query>
  <Query Id="15" Path="Application">
    <!-- WER events for application crashes only -->
    <Select Path="Application">*[System[Provider[@Name='Windows Error Reporting']]] and (*[EventData[Data[3] ="APPCRASH"]])</Select>
  </Query>
  <Query Id="16" Path="Security">
    <!-- Security Log cleared events (1102), EventLog Service shutdown (1100)-->
    <Select Path="Security">*[System[(EventID=1102 or EventID = 1100)]]</Select>
  </Query>
  <Query Id="17" Path="System">
    <!-- Other Log cleared events (104)-->
    <Select Path="System">*[System[(EventID=104)]]</Select>
  </Query>
  <Query Id="18" Path="Security">
    <!--  user initiated logoff -->
    <Select Path="Security">*[System[(EventID=4647)]]</Select>
  </Query>
  <Query Id="19" Path="Security">
    <!-- user logoff for all non-network logon sessions-->
    <Select Path="Security">*[System[(EventID=4634)]] and (*[EventData[Data[@Name="LogonType"] != "3"]])</Select>
  </Query>
  <Query Id="20" Path="Security">
    <!-- Service logon events if the user account isn't LocalSystem, NetworkService, LocalService -->
    <Select Path="Security">*[System[(EventID=4624)]] and (*[EventData[Data[@Name="LogonType"]="5"]]) and (*[EventData[Data[@Name="TargetUserSid"] != "S-1-5-18"]]) and (*[EventData[Data[@Name="TargetUserSid"] != "S-1-5-19"]]) and (*[EventData[Data[@Name="TargetUserSid"] != "S-1-5-20"]])</Select>
  </Query>
  <Query Id="21" Path="Security">
    <!-- Network Share create (5142), Network Share Delete (5144)  -->
    <Select Path="Security">*[System[(EventID=5142 or EventID=5144)]]</Select>
  </Query>
  <Query Id="22" Path="Security">
    <!-- Process Create (4688) -->
    <Select Path="Security">*[System[EventID=4688]]</Select>
  </Query>
  <Query Id="23" Path="Security">
    <!-- Event log service events specific to Security channel -->
    <Select Path="Security">*[System[Provider[@Name='Microsoft-Windows-Eventlog']]]</Select>
  </Query>
  <Query Id="26" Path="Security">
    <!-- Special Privileges (Admin-equivalent Access) assigned to new logon, excluding LocalSystem-->
    <Select Path="Security">*[System[(EventID=4672)]]</Select>
    <Suppress Path="Security">*[EventData[Data[1]="S-1-5-18"]]</Suppress>
  </Query>
  <Query Id="27" Path="Security">
    <!-- New user added to local security group-->
    <Select Path="Security">*[System[(EventID=4732)]]</Select>
  </Query>
  <Query Id="28" Path="Security">
    <!-- New user added to global security group-->
    <Select Path="Security">*[System[(EventID=4728)]]</Select>
  </Query>
  <Query Id="29" Path="Security">
    <!-- New user added to universal security group-->
    <Select Path="Security">*[System[(EventID=4756)]]</Select>
  </Query>
  <Query Id="30" Path="Security">
    <!-- User removed from local Administrators group-->
    <Select Path="Security">*[System[(EventID=4733)]] and (*[EventData[Data[@Name="TargetUserName"]="Administrators"]])</Select>
  </Query>
  <Query Id="31" Path="Microsoft-Windows-TerminalServices-RDPClient/Operational">
    <!-- Log attempted TS connect to remote server -->
    <Select Path="Microsoft-Windows-TerminalServices-RDPClient/Operational">*[System[(EventID=1024)]]</Select>
  </Query>
  <Query Id="32" Path="Security">
    <!-- Certificate Services received certificate request (4886), Approved and Certificate issued (4887), Denied request (4888) -->
    <Select Path="Security">*[System[(EventID=4886 or EventID=4887 or EventID=4888)]]</Select>
  </Query>
  <Query Id="34" Path="Security">
    <!-- New User Account Created(4720), User Account Enabled (4722), User Account Disabled (4725), User Account Deleted (4726) -->
    <Select Path="Security">*[System[(EventID=4720 or EventID=4722 or EventID=4725 or EventID=4726)]]</Select>
  </Query>
  <Query Id="35" Path="Microsoft-Windows-SmartCard-Audit/Authentication">
    <!-- Gets all Smart-card Card-Holder Verification (CHV) events (success and failure) performed on the host. -->
    <Select Path="Microsoft-Windows-SmartCard-Audit/Authentication">*</Select>
  </Query>
  <Query Id="36" Path="Microsoft-Windows-SMBClient/Operational">
    <!-- get all UNC/mapped drive successful connection -->
    <Select Path="Microsoft-Windows-SMBClient/Operational">*[System[(EventID=30622 or EventID=30624)]]</Select>
  </Query>
  <Query Id="37" Path="Application">
    <!-- User logging on with Temporary profile (1511), cannot create profile, using temporary profile (1518)-->
    <Select Path="Application">*[System[Provider[@Name='Microsoft-Windows-User Profiles Service'] and (EventID=1511 or EventID=1518)]]</Select>
  </Query>
  <Query Id="39" Path="Microsoft-Windows-Sysmon/Operational">
    <!-- Modern SysMon event provider-->
    <Select Path="Microsoft-Windows-Sysmon/Operational">*</Select>
  </Query>
  <Query Id="40" Path="Application">
    <!-- Application crash/hang events, similar to WER/1001. These include full path to faulting EXE/Module.-->
    <Select Path="Application">*[System[Provider[@Name='Application Error'] and (EventID=1000)]]</Select>
    <Select Path="Application">*[System[Provider[@Name='Application Hang'] and (EventID=1002)]]</Select>
  </Query>
  <Query Id="41" Path="Microsoft-Windows-Windows Defender/Operational">
    <!-- Modern Windows Defender event provider Detection events (1006-1009) and (1116-1119) -->
    <Select Path="Microsoft-Windows-Windows Defender/Operational">*[System[( (EventID &gt;= 1006 and EventID &lt;= 1009) )]]</Select>
    <Select Path="Microsoft-Windows-Windows Defender/Operational">*[System[( (EventID &gt;= 1116 and EventID &lt;= 1119) )]]</Select>
  </Query>
    <Query Id="42" Path="Security">
    <!-- Device Detected-->
    <Select Path="Security">*[System[(EventID=6416)]]</Select>
  </Query>
  <Query Id="43" Path="Security">
    <!-- Logon/logoff Detected-->
    <Select Path="Security">*[System[(EventID=4624)]]</Select>
    <Select Path="Security">*[System[(EventID=4634)]]</Select>
  </Query>
  <Query Id="44" Path="Security">
    <!-- A network share object was accessed-->
    <Select Path="Security">*[System[(EventID=5140)]]</Select>
  </Query>
  <Query Id="45" Path="Security">
    <!-- A network share object was added-->
    <Select Path="Security">*[System[(EventID=5142)]]</Select>
  </Query>
  <Query Id="46" Path="Security">
    <!-- A network share object was modified-->
    <Select Path="Security">*[System[(EventID=5143)]]</Select>
  </Query>
  <Query Id="47" Path="Security">
    <!-- A network share object was deleted-->
    <Select Path="Security">*[System[(EventID=5144)]]</Select>
  </Query>
  <Query Id="48" Path="Security">
    <!-- An account was successfully logged on-->
    <Select Path="Security">*[System[(EventID=4624)]]</Select>
  </Query>
  <Query Id="49" Path="Security">
      <!-- An account failed to log on-->
      <Select Path="Security">*[System[(EventID=4625)]]</Select>
  </Query>
  <Query Id="50" Path="Security">
    <!-- User/Device claims information-->
    <Select Path="Security">*[System[(EventID=4626)]]</Select>
  </Query>
  <Query Id="51" Path="Security">
    <!-- Group membership information.-->
    <Select Path="Security">*[System[(EventID=4627)]]</Select>
  </Query>
  <Query Id="52" Path="Security">
    <!-- An account was logged off--> 
    <Select Path="Security">*[System[(EventID=4634)]]</Select>
  </Query>
  <Query Id="53" Path="Security">
    <!-- An account was locked out--> 
    <Select Path="Security">*[System[(EventID=4740)]]</Select>
  </Query>
  <Query Id="54" Path="System">
    <!-- Windows update install started--> 
    <Select Path="System">*[System[(EventID=43)]]</Select>
  </Query>
  <Query Id="55" Path="System">
    <!-- Windows update install success--> 
    <Select Path="System">*[System[(EventID=19)]]</Select>
  </Query>
  <Query Id="56" Path="System">
    <!-- Unexpected Shutdown/Bluescreen--> 
    <Select Path="System">*[System[(EventID=41)]]</Select>
  </Query>
  <Query Id="57" Path="System">
    <!-- Windows update install failed--> 
    <Select Path="System">*[System[(EventID=20)]]</Select>
  </Query>
  <Query Id="58" Path="Security">
    <!-- A logon was attempted using explicit credentials--> 
    <Select Path="Security">*[System[(EventID=4648)]]</Select>
  </Query>
  <Query Id="59" Path="Security">
    <!-- A user account was changed--> 
    <Select Path="Security">*[System[(EventID=4738)]]</Select>
  </Query>
</QueryList>

                
    
    ]]>
  </Query>
  <ReadExistingEvents>false</ReadExistingEvents>
  <TransportName>HTTP</TransportName>
  <ContentFormat>RenderedText</ContentFormat>
  <Locale Language="en-US" />
  <LogFile>ForwardedEvents</LogFile>
  <PublisherName>Microsoft-Windows-EventCollector</PublisherName>
  <AllowedSourceNonDomainComputers>
    <AllowedIssuerCAList></AllowedIssuerCAList>
  </AllowedSourceNonDomainComputers>
  <AllowedSourceDomainComputers>O:NSG:BAD:P(A;;GA;;;DC)(A;;GA;;;DD)S:</AllowedSourceDomainComputers>
</Subscription>
