<Backups xmlns="http://www.microsoft.com/GroupPolicy/GPOOperations/Manifest" xmlns:mfst="http://www.microsoft.com/GroupPolicy/GPOOperations/Manifest" mfst:version="1.0"><BackupInst><GPOGuid><![CDATA[{04D580AF-4607-4F9A-B299-254AE1156BD6}]]></GPOGuid><GPODomain><![CDATA[testme.local]]></GPODomain><GPODomainGuid><![CDATA[{5280a6af-b0f2-47cb-883b-cfb949aaaa5b}]]></GPODomainGuid><GPODomainController><![CDATA[server1.testme.local]]></GPODomainController><BackupTime><![CDATA[2019-01-09T10:58:47]]></BackupTime><ID><![CDATA[{85A544BE-53DC-4180-979D-8611A5D340A2}]]></ID><Comment><![CDATA[wef server]]></Comment><GPODisplayName><![CDATA[lme-wef-server]]></GPODisplayName></BackupInst><BackupInst><GPOGuid><![CDATA[{E3BD71B0-8B12-43F8-9DD9-26F1148A1929}]]></GPOGuid><GPODomain><![CDATA[testme.local]]></GPODomain><GPODomainGuid><![CDATA[{5280a6af-b0f2-47cb-883b-cfb949aaaa5b}]]></GPODomainGuid><GPODomainController><![CDATA[server1.testme.local]]></GPODomainController><BackupTime><![CDATA[2019-01-09T10:58:37]]></BackupTime><ID><![CDATA[{58B5FEFE-1D71-4C19-A9FF-5FD31B84313C}]]></ID><Comment><![CDATA[wef client]]></Comment><GPODisplayName><![CDATA[lme-wef-client]]></GPODisplayName></BackupInst></Backups>