<Backups xmlns="http://www.microsoft.com/GroupPolicy/GPOOperations/Manifest" xmlns:mfst="http://www.microsoft.com/GroupPolicy/GPOOperations/Manifest" mfst:version="1.0"><BackupInst><GPOGuid><![CDATA[{F80FCF5E-4A03-4493-AFBB-63F3EA43CD84}]]></GPOGuid><GPODomain><![CDATA[testme.local]]></GPODomain><GPODomainGuid><![CDATA[{5280a6af-b0f2-47cb-883b-cfb949aaaa5b}]]></GPODomainGuid><GPODomainController><![CDATA[server1.testme.local]]></GPODomainController><BackupTime><![CDATA[2019-02-15T15:39:08]]></BackupTime><ID><![CDATA[{EF00674E-0B08-4164-9EE0-D4861392636D}]]></ID><Comment><![CDATA[]]></Comment><GPODisplayName><![CDATA[lme-sysmon-deploy]]></GPODisplayName></BackupInst></Backups>